Order_ID,Ship_Mode,Ship_Date,Ship_id
3,"REGULAR AIR",20-10-2010,SHP_1
293,"DELIVERY TRUCK",02-10-2012,SHP_2
293,"REGULAR AIR",03-10-2012,SHP_3
483,"REGULAR AIR",12-07-2011,SHP_4
515,"REGULAR AIR",30-08-2010,SHP_5
613,"REGULAR AIR",17-06-2011,SHP_6
613,"REGULAR AIR",18-06-2011,SHP_7
643,"EXPRESS AIR",25-03-2011,SHP_8
678,"REGULAR AIR",26-02-2010,SHP_9
807,"REGULAR AIR",24-11-2010,SHP_10
868,"REGULAR AIR",09-06-2012,SHP_11
868,"REGULAR AIR",10-06-2012,SHP_12
933,"REGULAR AIR",04-08-2012,SHP_13
995,"REGULAR AIR",31-05-2011,SHP_14
998,"REGULAR AIR",26-11-2009,SHP_15
1154,"DELIVERY TRUCK",16-02-2012,SHP_16
1154,"REGULAR AIR",16-02-2012,SHP_17
1344,"REGULAR AIR",22-04-2012,SHP_18
1344,"REGULAR AIR",19-04-2012,SHP_19
1412,"EXPRESS AIR",14-03-2010,SHP_20
1412,"REGULAR AIR",14-03-2010,SHP_21
1539,"REGULAR AIR",11-03-2011,SHP_22
1539,"REGULAR AIR",14-03-2011,SHP_23
1540,"REGULAR AIR",06-08-2012,SHP_24
1702,"REGULAR AIR",07-05-2011,SHP_25
1761,"DELIVERY TRUCK",25-12-2010,SHP_26
1792,"REGULAR AIR",13-11-2010,SHP_27
2275,"REGULAR AIR",22-10-2012,SHP_28
2277,"REGULAR AIR",02-01-2011,SHP_29
2277,"REGULAR AIR",03-01-2011,SHP_30
2532,"REGULAR AIR",11-10-2011,SHP_31
2631,"REGULAR AIR",25-09-2010,SHP_32
2757,"DELIVERY TRUCK",19-07-2011,SHP_33
2791,"REGULAR AIR",09-10-2009,SHP_34
2791,"DELIVERY TRUCK",11-10-2009,SHP_35
2791,"REGULAR AIR",10-10-2009,SHP_36
2976,"DELIVERY TRUCK",11-12-2010,SHP_37
3232,"REGULAR AIR",10-10-2012,SHP_38
3524,"REGULAR AIR",03-05-2012,SHP_39
3908,"REGULAR AIR",08-03-2010,SHP_40
4132,"REGULAR AIR",30-05-2011,SHP_41
4612,"REGULAR AIR",21-09-2010,SHP_42
4676,"REGULAR AIR",01-09-2011,SHP_43
4676,"REGULAR AIR",02-09-2011,SHP_44
4676,"EXPRESS AIR",02-09-2011,SHP_45
5284,"REGULAR AIR",10-07-2011,SHP_46
5316,"REGULAR AIR",01-02-2009,SHP_47
5409,"REGULAR AIR",13-01-2012,SHP_48
5506,"REGULAR AIR",08-11-2010,SHP_49
5569,"REGULAR AIR",01-05-2010,SHP_50
5607,"REGULAR AIR",03-01-2012,SHP_51
5894,"REGULAR AIR",13-08-2009,SHP_52
5894,"REGULAR AIR",15-08-2009,SHP_53
5925,"REGULAR AIR",19-11-2011,SHP_54
6016,"REGULAR AIR",20-01-2012,SHP_55
6116,"REGULAR AIR",22-03-2009,SHP_56
6182,"REGULAR AIR",28-07-2012,SHP_57
6182,"EXPRESS AIR",25-07-2012,SHP_58
6535,"EXPRESS AIR",15-06-2012,SHP_59
6884,"REGULAR AIR",20-01-2009,SHP_60
6916,"EXPRESS AIR",08-06-2010,SHP_61
6980,"REGULAR AIR",19-02-2010,SHP_62
6982,"EXPRESS AIR",18-11-2011,SHP_63
6982,"DELIVERY TRUCK",18-11-2011,SHP_64
6982,"REGULAR AIR",18-11-2011,SHP_65
7110,"REGULAR AIR",11-08-2011,SHP_66
7430,"REGULAR AIR",09-06-2010,SHP_67
7906,"REGULAR AIR",17-10-2009,SHP_68
8391,"DELIVERY TRUCK",29-08-2011,SHP_69
8419,"EXPRESS AIR",01-10-2011,SHP_70
8419,"REGULAR AIR",30-09-2011,SHP_71
8833,"REGULAR AIR",08-05-2012,SHP_72
8995,"EXPRESS AIR",18-05-2011,SHP_73
8995,"REGULAR AIR",18-05-2011,SHP_74
8995,"REGULAR AIR",19-05-2011,SHP_75
9126,"REGULAR AIR",18-11-2009,SHP_76
9127,"EXPRESS AIR",12-10-2011,SHP_77
9509,"DELIVERY TRUCK",08-10-2012,SHP_78
9509,"EXPRESS AIR",08-10-2012,SHP_79
9509,"REGULAR AIR",07-10-2012,SHP_80
9763,"REGULAR AIR",16-08-2011,SHP_81
9927,"DELIVERY TRUCK",17-08-2011,SHP_82
9927,"REGULAR AIR",17-08-2011,SHP_83
9927,"EXPRESS AIR",17-08-2011,SHP_84
10022,"REGULAR AIR",04-03-2009,SHP_85
10437,"REGULAR AIR",20-08-2009,SHP_86
10499,"DELIVERY TRUCK",17-11-2010,SHP_87
10535,"REGULAR AIR",29-05-2011,SHP_88
10535,"REGULAR AIR",03-06-2011,SHP_89
10789,"EXPRESS AIR",24-08-2010,SHP_90
10791,"REGULAR AIR",21-08-2011,SHP_91
10945,"REGULAR AIR",05-01-2012,SHP_92
11137,"REGULAR AIR",30-11-2012,SHP_93
11202,"REGULAR AIR",18-03-2012,SHP_94
11456,"REGULAR AIR",19-04-2010,SHP_95
11460,"REGULAR AIR",26-08-2010,SHP_96
11495,"DELIVERY TRUCK",05-07-2011,SHP_97
11911,"REGULAR AIR",12-11-2010,SHP_98
11941,"REGULAR AIR",25-06-2010,SHP_99
11941,"DELIVERY TRUCK",25-06-2010,SHP_100
12096,"REGULAR AIR",19-09-2012,SHP_101
12096,"REGULAR AIR",21-09-2012,SHP_102
12289,"REGULAR AIR",28-12-2011,SHP_103
12352,"REGULAR AIR",24-03-2012,SHP_104
12419,"REGULAR AIR",17-10-2011,SHP_105
12485,"DELIVERY TRUCK",08-08-2010,SHP_106
12544,"REGULAR AIR",10-03-2009,SHP_107
12704,"REGULAR AIR",09-02-2010,SHP_108
12704,"DELIVERY TRUCK",11-02-2010,SHP_109
12771,"REGULAR AIR",17-01-2009,SHP_110
12771,"REGULAR AIR",19-01-2009,SHP_111
12929,"DELIVERY TRUCK",31-08-2010,SHP_112
12929,"REGULAR AIR",31-08-2010,SHP_113
13280,"REGULAR AIR",12-09-2009,SHP_114
13313,"REGULAR AIR",17-07-2009,SHP_115
13346,"REGULAR AIR",20-11-2012,SHP_116
13702,"REGULAR AIR",14-09-2011,SHP_117
13795,"REGULAR AIR",13-04-2011,SHP_118
13795,"EXPRESS AIR",13-04-2011,SHP_119
13795,"REGULAR AIR",11-04-2011,SHP_120
14116,"REGULAR AIR",11-10-2011,SHP_121
14116,"REGULAR AIR",10-10-2011,SHP_122
14372,"DELIVERY TRUCK",25-10-2012,SHP_123
14726,"REGULAR AIR",08-01-2012,SHP_124
14819,"REGULAR AIR",27-01-2010,SHP_125
14819,"DELIVERY TRUCK",26-01-2010,SHP_126
15106,"REGULAR AIR",29-01-2011,SHP_127
15106,"DELIVERY TRUCK",27-01-2011,SHP_128
15108,"REGULAR AIR",29-08-2009,SHP_129
15205,"DELIVERY TRUCK",19-03-2011,SHP_130
15205,"REGULAR AIR",18-03-2011,SHP_131
15591,"REGULAR AIR",08-06-2012,SHP_132
15907,"DELIVERY TRUCK",13-04-2011,SHP_133
15907,"EXPRESS AIR",14-04-2011,SHP_134
15907,"REGULAR AIR",12-04-2011,SHP_135
15937,"REGULAR AIR",10-11-2012,SHP_136
15937,"EXPRESS AIR",15-11-2012,SHP_137
16039,"REGULAR AIR",17-05-2012,SHP_138
16193,"REGULAR AIR",11-04-2012,SHP_139
16423,"REGULAR AIR",07-08-2012,SHP_140
16451,"REGULAR AIR",23-07-2009,SHP_141
16545,"REGULAR AIR",11-05-2010,SHP_142
16547,"DELIVERY TRUCK",20-02-2009,SHP_143
16547,"DELIVERY TRUCK",18-02-2009,SHP_144
16706,"REGULAR AIR",28-06-2012,SHP_145
16706,"EXPRESS AIR",29-06-2012,SHP_146
16741,"REGULAR AIR",01-10-2010,SHP_147
16932,"REGULAR AIR",16-04-2010,SHP_148
16932,"REGULAR AIR",15-04-2010,SHP_149
17283,"DELIVERY TRUCK",15-09-2011,SHP_150
17286,"DELIVERY TRUCK",22-09-2010,SHP_151
17409,"REGULAR AIR",19-08-2010,SHP_152
17764,"REGULAR AIR",16-09-2009,SHP_153
18080,"DELIVERY TRUCK",23-06-2009,SHP_154
18113,"DELIVERY TRUCK",30-08-2012,SHP_155
18144,"REGULAR AIR",09-06-2011,SHP_156
18308,"REGULAR AIR",11-10-2009,SHP_157
18308,"REGULAR AIR",09-10-2009,SHP_158
18308,"REGULAR AIR",10-10-2009,SHP_159
18887,"REGULAR AIR",07-12-2010,SHP_160
19010,"REGULAR AIR",09-06-2009,SHP_161
19078,"REGULAR AIR",28-07-2009,SHP_162
19138,"EXPRESS AIR",10-09-2011,SHP_163
19655,"REGULAR AIR",12-01-2009,SHP_164
19686,"REGULAR AIR",15-08-2010,SHP_165
19686,"REGULAR AIR",17-08-2010,SHP_166
20007,"REGULAR AIR",06-08-2009,SHP_167
20071,"DELIVERY TRUCK",19-09-2011,SHP_168
20160,"EXPRESS AIR",24-10-2011,SHP_169
20263,"REGULAR AIR",15-11-2009,SHP_170
20263,"REGULAR AIR",16-11-2009,SHP_171
21285,"REGULAR AIR",04-07-2010,SHP_172
21285,"REGULAR AIR",05-07-2010,SHP_173
21383,"REGULAR AIR",04-02-2009,SHP_174
21607,"REGULAR AIR",17-03-2012,SHP_175
21636,"REGULAR AIR",10-08-2009,SHP_176
21889,"REGULAR AIR",08-04-2010,SHP_177
21889,"REGULAR AIR",03-04-2010,SHP_178
22151,"REGULAR AIR",31-07-2010,SHP_179
22342,"REGULAR AIR",05-06-2009,SHP_180
22469,"REGULAR AIR",13-10-2010,SHP_181
22501,"EXPRESS AIR",19-05-2010,SHP_182
22532,"REGULAR AIR",08-02-2011,SHP_183
23264,"REGULAR AIR",09-12-2010,SHP_184
23488,"DELIVERY TRUCK",07-01-2009,SHP_185
23584,"DELIVERY TRUCK",14-03-2012,SHP_186
24007,"REGULAR AIR",02-09-2010,SHP_187
24007,"REGULAR AIR",30-08-2010,SHP_188
24038,"REGULAR AIR",22-06-2011,SHP_189
24097,"REGULAR AIR",04-08-2010,SHP_190
24097,"REGULAR AIR",06-08-2010,SHP_191
24128,"REGULAR AIR",25-11-2010,SHP_192
24294,"DELIVERY TRUCK",03-08-2009,SHP_193
24387,"REGULAR AIR",11-08-2011,SHP_194
24387,"DELIVERY TRUCK",10-08-2011,SHP_195
24515,"DELIVERY TRUCK",08-05-2010,SHP_196
24743,"DELIVERY TRUCK",05-07-2012,SHP_197
24743,"REGULAR AIR",03-07-2012,SHP_198
24871,"REGULAR AIR",24-03-2011,SHP_199
25318,"EXPRESS AIR",21-11-2011,SHP_200
25377,"DELIVERY TRUCK",03-12-2012,SHP_201
25634,"REGULAR AIR",01-08-2010,SHP_202
25634,"EXPRESS AIR",30-07-2010,SHP_203
25733,"REGULAR AIR",17-05-2012,SHP_204
25767,"REGULAR AIR",03-03-2012,SHP_205
25767,"REGULAR AIR",04-03-2012,SHP_206
26023,"REGULAR AIR",21-08-2010,SHP_207
26051,"DELIVERY TRUCK",29-06-2010,SHP_208
26051,"REGULAR AIR",28-06-2010,SHP_209
26116,"REGULAR AIR",30-10-2012,SHP_210
26182,"DELIVERY TRUCK",19-01-2010,SHP_211
26272,"EXPRESS AIR",08-07-2012,SHP_212
26370,"REGULAR AIR",10-08-2011,SHP_213
26370,"EXPRESS AIR",10-08-2011,SHP_214
26499,"REGULAR AIR",22-02-2010,SHP_215
26531,"REGULAR AIR",22-06-2011,SHP_216
26567,"REGULAR AIR",04-09-2009,SHP_217
26567,"EXPRESS AIR",07-09-2009,SHP_218
26567,"REGULAR AIR",05-09-2009,SHP_219
26854,"REGULAR AIR",22-06-2009,SHP_220
27109,"REGULAR AIR",10-02-2012,SHP_221
27111,"REGULAR AIR",14-03-2009,SHP_222
27111,"REGULAR AIR",12-03-2009,SHP_223
27111,"EXPRESS AIR",11-03-2009,SHP_224
27264,"REGULAR AIR",06-06-2011,SHP_225
27392,"REGULAR AIR",11-03-2012,SHP_226
27553,"DELIVERY TRUCK",14-08-2011,SHP_227
27553,"REGULAR AIR",14-08-2011,SHP_228
27555,"REGULAR AIR",03-09-2009,SHP_229
27680,"REGULAR AIR",27-01-2010,SHP_230
27778,"REGULAR AIR",04-09-2011,SHP_231
27778,"DELIVERY TRUCK",04-09-2011,SHP_232
27909,"REGULAR AIR",09-02-2012,SHP_233
27909,"REGULAR AIR",10-02-2012,SHP_234
28003,"REGULAR AIR",21-03-2011,SHP_235
28035,"REGULAR AIR",10-05-2011,SHP_236
28135,"REGULAR AIR",27-09-2009,SHP_237
28135,"REGULAR AIR",25-09-2009,SHP_238
28165,"REGULAR AIR",11-07-2012,SHP_239
28289,"REGULAR AIR",15-01-2010,SHP_240
28486,"REGULAR AIR",27-08-2009,SHP_241
28675,"REGULAR AIR",09-10-2009,SHP_242
28870,"REGULAR AIR",13-11-2011,SHP_243
28871,"REGULAR AIR",15-04-2012,SHP_244
29030,"REGULAR AIR",03-01-2012,SHP_245
29095,"REGULAR AIR",09-03-2011,SHP_246
29287,"REGULAR AIR",04-07-2009,SHP_247
29287,"DELIVERY TRUCK",04-07-2009,SHP_248
29510,"DELIVERY TRUCK",17-04-2011,SHP_249
29795,"REGULAR AIR",26-11-2011,SHP_250
29795,"DELIVERY TRUCK",26-11-2011,SHP_251
29861,"REGULAR AIR",26-04-2012,SHP_252
30658,"REGULAR AIR",27-03-2011,SHP_253
30658,"REGULAR AIR",28-03-2011,SHP_254
30947,"REGULAR AIR",18-07-2010,SHP_255
31077,"REGULAR AIR",25-10-2010,SHP_256
31111,"REGULAR AIR",26-08-2009,SHP_257
31169,"REGULAR AIR",13-06-2011,SHP_258
31270,"DELIVERY TRUCK",24-11-2012,SHP_259
31270,"DELIVERY TRUCK",25-11-2012,SHP_260
31270,"REGULAR AIR",25-11-2012,SHP_261
31364,"REGULAR AIR",01-05-2009,SHP_262
31393,"REGULAR AIR",12-05-2012,SHP_263
31393,"REGULAR AIR",13-05-2012,SHP_264
31492,"REGULAR AIR",17-10-2010,SHP_265
31492,"EXPRESS AIR",18-10-2010,SHP_266
31492,"REGULAR AIR",16-10-2010,SHP_267
31558,"REGULAR AIR",28-07-2011,SHP_268
31558,"REGULAR AIR",23-07-2011,SHP_269
31618,"REGULAR AIR",11-07-2011,SHP_270
31684,"REGULAR AIR",19-09-2012,SHP_271
31684,"EXPRESS AIR",18-09-2012,SHP_272
31781,"REGULAR AIR",17-01-2009,SHP_273
32193,"EXPRESS AIR",22-10-2010,SHP_274
32193,"REGULAR AIR",25-10-2010,SHP_275
32229,"REGULAR AIR",30-08-2010,SHP_276
32229,"REGULAR AIR",31-08-2010,SHP_277
32743,"REGULAR AIR",09-05-2010,SHP_278
32806,"REGULAR AIR",22-06-2011,SHP_279
33123,"DELIVERY TRUCK",26-11-2010,SHP_280
33159,"REGULAR AIR",29-04-2012,SHP_281
33186,"REGULAR AIR",30-08-2012,SHP_282
33377,"REGULAR AIR",02-08-2011,SHP_283
33377,"REGULAR AIR",01-08-2011,SHP_284
33444,"REGULAR AIR",07-10-2012,SHP_285
33444,"REGULAR AIR",08-10-2012,SHP_286
33703,"REGULAR AIR",07-02-2010,SHP_287
33703,"EXPRESS AIR",08-02-2010,SHP_288
33734,"REGULAR AIR",18-10-2011,SHP_289
33888,"REGULAR AIR",23-08-2009,SHP_290
33888,"REGULAR AIR",21-08-2009,SHP_291
33888,"DELIVERY TRUCK",22-08-2009,SHP_292
33894,"REGULAR AIR",17-06-2010,SHP_293
33894,"REGULAR AIR",15-06-2010,SHP_294
33894,"REGULAR AIR",16-06-2010,SHP_295
33894,"EXPRESS AIR",16-06-2010,SHP_296
33922,"DELIVERY TRUCK",27-02-2010,SHP_297
34177,"REGULAR AIR",18-08-2009,SHP_298
34177,"REGULAR AIR",16-08-2009,SHP_299
34215,"REGULAR AIR",15-05-2011,SHP_300
34246,"REGULAR AIR",08-10-2010,SHP_301
34246,"REGULAR AIR",09-10-2010,SHP_302
34631,"REGULAR AIR",24-10-2009,SHP_303
34631,"REGULAR AIR",25-10-2009,SHP_304
35047,"REGULAR AIR",11-06-2010,SHP_305
35266,"REGULAR AIR",10-01-2011,SHP_306
35266,"DELIVERY TRUCK",12-01-2011,SHP_307
35847,"EXPRESS AIR",30-01-2009,SHP_308
36001,"REGULAR AIR",30-03-2011,SHP_309
36001,"REGULAR AIR",01-04-2011,SHP_310
36134,"REGULAR AIR",22-11-2010,SHP_311
36135,"REGULAR AIR",31-05-2011,SHP_312
36644,"REGULAR AIR",14-05-2012,SHP_313
36646,"EXPRESS AIR",09-06-2010,SHP_314
36707,"REGULAR AIR",30-11-2009,SHP_315
37253,"REGULAR AIR",01-09-2012,SHP_316
37541,"REGULAR AIR",28-02-2010,SHP_317
37541,"EXPRESS AIR",27-02-2010,SHP_318
37634,"REGULAR AIR",22-05-2012,SHP_319
37793,"REGULAR AIR",09-11-2009,SHP_320
37860,"REGULAR AIR",29-08-2010,SHP_321
38884,"REGULAR AIR",18-08-2012,SHP_322
38884,"DELIVERY TRUCK",18-08-2012,SHP_323
39364,"REGULAR AIR",10-11-2012,SHP_324
39364,"REGULAR AIR",11-11-2012,SHP_325
39457,"DELIVERY TRUCK",02-06-2011,SHP_326
39683,"REGULAR AIR",13-08-2011,SHP_327
39683,"REGULAR AIR",11-08-2011,SHP_328
39683,"REGULAR AIR",12-08-2011,SHP_329
39846,"REGULAR AIR",06-03-2009,SHP_330
40036,"REGULAR AIR",08-06-2010,SHP_331
40067,"REGULAR AIR",19-02-2012,SHP_332
40132,"DELIVERY TRUCK",29-02-2012,SHP_333
40132,"REGULAR AIR",02-03-2012,SHP_334
40160,"REGULAR AIR",16-10-2009,SHP_335
40518,"REGULAR AIR",14-03-2009,SHP_336
40804,"DELIVERY TRUCK",14-03-2010,SHP_337
40902,"REGULAR AIR",09-07-2009,SHP_338
41063,"REGULAR AIR",23-11-2012,SHP_339
41063,"REGULAR AIR",28-11-2012,SHP_340
41153,"REGULAR AIR",03-03-2009,SHP_341
41184,"REGULAR AIR",24-09-2011,SHP_342
41409,"REGULAR AIR",23-07-2011,SHP_343
41696,"EXPRESS AIR",15-07-2009,SHP_344
42209,"REGULAR AIR",29-03-2010,SHP_345
42209,"REGULAR AIR",01-04-2010,SHP_346
42561,"EXPRESS AIR",08-02-2010,SHP_347
42564,"DELIVERY TRUCK",19-09-2012,SHP_348
42695,"REGULAR AIR",24-12-2010,SHP_349
42981,"REGULAR AIR",01-06-2009,SHP_350
43109,"REGULAR AIR",22-12-2012,SHP_351
43203,"REGULAR AIR",16-02-2012,SHP_352
43236,"REGULAR AIR",05-07-2010,SHP_353
43267,"EXPRESS AIR",18-05-2011,SHP_354
43329,"REGULAR AIR",10-03-2010,SHP_355
43330,"REGULAR AIR",28-04-2009,SHP_356
43364,"REGULAR AIR",10-04-2012,SHP_357
43392,"REGULAR AIR",02-01-2011,SHP_358
43781,"REGULAR AIR",02-02-2010,SHP_359
43781,"EXPRESS AIR",03-02-2010,SHP_360
44071,"REGULAR AIR",16-04-2012,SHP_361
44519,"REGULAR AIR",20-05-2010,SHP_362
44519,"DELIVERY TRUCK",20-05-2010,SHP_363
44708,"REGULAR AIR",28-07-2009,SHP_364
44772,"EXPRESS AIR",02-04-2009,SHP_365
44839,"EXPRESS AIR",13-06-2012,SHP_366
45217,"REGULAR AIR",02-09-2010,SHP_367
45440,"DELIVERY TRUCK",11-08-2012,SHP_368
45766,"REGULAR AIR",09-05-2010,SHP_369
45766,"REGULAR AIR",08-05-2010,SHP_370
45861,"REGULAR AIR",25-08-2011,SHP_371
45957,"REGULAR AIR",23-09-2010,SHP_372
46912,"REGULAR AIR",30-06-2012,SHP_373
46980,"REGULAR AIR",17-01-2011,SHP_374
47460,"REGULAR AIR",12-10-2010,SHP_375
47462,"REGULAR AIR",11-06-2011,SHP_376
47620,"REGULAR AIR",05-07-2012,SHP_377
47749,"REGULAR AIR",16-03-2010,SHP_378
47873,"REGULAR AIR",15-11-2010,SHP_379
47943,"REGULAR AIR",14-11-2009,SHP_380
47943,"REGULAR AIR",15-11-2009,SHP_381
48101,"REGULAR AIR",14-09-2011,SHP_382
48295,"REGULAR AIR",25-11-2009,SHP_383
48839,"REGULAR AIR",12-07-2010,SHP_384
49154,"REGULAR AIR",07-03-2009,SHP_385
49921,"DELIVERY TRUCK",21-02-2011,SHP_386
49921,"REGULAR AIR",19-02-2011,SHP_387
49952,"EXPRESS AIR",20-11-2011,SHP_388
50117,"REGULAR AIR",05-06-2011,SHP_389
50278,"REGULAR AIR",25-05-2010,SHP_390
50278,"DELIVERY TRUCK",27-05-2010,SHP_391
50374,"REGULAR AIR",31-05-2009,SHP_392
50565,"REGULAR AIR",30-08-2012,SHP_393
50688,"REGULAR AIR",17-12-2011,SHP_394
50754,"REGULAR AIR",10-12-2009,SHP_395
50914,"REGULAR AIR",03-07-2012,SHP_396
51169,"REGULAR AIR",26-12-2010,SHP_397
51938,"REGULAR AIR",21-05-2011,SHP_398
51970,"DELIVERY TRUCK",13-01-2012,SHP_399
51971,"REGULAR AIR",05-10-2011,SHP_400
52193,"EXPRESS AIR",07-03-2010,SHP_401
52193,"REGULAR AIR",07-03-2010,SHP_402
52321,"REGULAR AIR",07-11-2011,SHP_403
52321,"DELIVERY TRUCK",05-11-2011,SHP_404
52386,"DELIVERY TRUCK",07-01-2009,SHP_405
52807,"REGULAR AIR",27-11-2010,SHP_406
52929,"EXPRESS AIR",09-04-2011,SHP_407
52929,"REGULAR AIR",09-04-2011,SHP_408
52964,"REGULAR AIR",01-04-2010,SHP_409
53156,"REGULAR AIR",11-03-2012,SHP_410
53511,"REGULAR AIR",22-02-2009,SHP_411
53511,"REGULAR AIR",21-02-2009,SHP_412
53797,"DELIVERY TRUCK",01-10-2009,SHP_413
53990,"REGULAR AIR",02-11-2012,SHP_414
54083,"DELIVERY TRUCK",23-07-2011,SHP_415
54274,"REGULAR AIR",25-11-2010,SHP_416
54276,"REGULAR AIR",07-02-2010,SHP_417
54528,"REGULAR AIR",06-01-2011,SHP_418
54567,"REGULAR AIR",04-08-2009,SHP_419
54628,"REGULAR AIR",06-06-2010,SHP_420
55298,"DELIVERY TRUCK",03-08-2009,SHP_421
55363,"REGULAR AIR",30-12-2010,SHP_422
55366,"REGULAR AIR",11-10-2012,SHP_423
55715,"EXPRESS AIR",04-04-2011,SHP_424
55875,"REGULAR AIR",28-11-2009,SHP_425
55875,"REGULAR AIR",25-11-2009,SHP_426
56453,"DELIVERY TRUCK",12-04-2012,SHP_427
57127,"REGULAR AIR",18-02-2010,SHP_428
57344,"REGULAR AIR",26-09-2010,SHP_429
57509,"EXPRESS AIR",21-02-2009,SHP_430
57509,"DELIVERY TRUCK",26-02-2009,SHP_431
57600,"REGULAR AIR",13-11-2012,SHP_432
58055,"REGULAR AIR",29-10-2011,SHP_433
58144,"REGULAR AIR",23-12-2009,SHP_434
58150,"REGULAR AIR",07-05-2010,SHP_435
58340,"REGULAR AIR",09-01-2011,SHP_436
58368,"REGULAR AIR",11-07-2012,SHP_437
58368,"REGULAR AIR",10-07-2012,SHP_438
58368,"EXPRESS AIR",09-07-2012,SHP_439
58434,"REGULAR AIR",10-03-2009,SHP_440
58626,"DELIVERY TRUCK",01-01-2012,SHP_441
58626,"DELIVERY TRUCK",02-01-2012,SHP_442
58626,"REGULAR AIR",31-12-2011,SHP_443
58688,"REGULAR AIR",31-03-2009,SHP_444
59045,"REGULAR AIR",15-02-2011,SHP_445
59047,"REGULAR AIR",28-01-2011,SHP_446
59047,"REGULAR AIR",30-01-2011,SHP_447
59202,"REGULAR AIR",08-09-2012,SHP_448
59202,"REGULAR AIR",09-09-2012,SHP_449
59207,"DELIVERY TRUCK",18-05-2009,SHP_450
59234,"REGULAR AIR",02-08-2012,SHP_451
59234,"DELIVERY TRUCK",03-08-2012,SHP_452
59395,"EXPRESS AIR",24-04-2012,SHP_453
59558,"REGULAR AIR",19-07-2012,SHP_454
59585,"REGULAR AIR",23-09-2012,SHP_455
59651,"REGULAR AIR",22-05-2010,SHP_456
645,"REGULAR AIR",04-12-2009,SHP_457
769,"DELIVERY TRUCK",02-06-2010,SHP_458
773,"REGULAR AIR",26-09-2010,SHP_459
1187,"REGULAR AIR",20-11-2012,SHP_460
2339,"REGULAR AIR",16-12-2010,SHP_461
3521,"REGULAR AIR",27-10-2012,SHP_462
4007,"REGULAR AIR",18-06-2010,SHP_463
4416,"REGULAR AIR",03-07-2012,SHP_464
4454,"REGULAR AIR",06-02-2009,SHP_465
5153,"EXPRESS AIR",27-08-2011,SHP_466
5446,"REGULAR AIR",27-06-2009,SHP_467
8131,"REGULAR AIR",03-05-2010,SHP_468
8994,"REGULAR AIR",09-04-2009,SHP_469
9027,"REGULAR AIR",11-09-2011,SHP_470
9216,"DELIVERY TRUCK",16-04-2011,SHP_471
9537,"DELIVERY TRUCK",15-02-2011,SHP_472
9537,"REGULAR AIR",15-02-2011,SHP_473
9574,"REGULAR AIR",31-07-2011,SHP_474
10435,"REGULAR AIR",12-08-2010,SHP_475
10435,"REGULAR AIR",11-08-2010,SHP_476
10851,"REGULAR AIR",06-04-2009,SHP_477
10852,"REGULAR AIR",28-10-2010,SHP_478
10852,"DELIVERY TRUCK",27-10-2010,SHP_479
11269,"EXPRESS AIR",30-05-2012,SHP_480
11269,"REGULAR AIR",02-06-2012,SHP_481
11362,"REGULAR AIR",12-09-2012,SHP_482
11362,"REGULAR AIR",15-09-2012,SHP_483
11362,"REGULAR AIR",14-09-2012,SHP_484
11968,"REGULAR AIR",16-03-2011,SHP_485
12293,"REGULAR AIR",19-06-2011,SHP_486
12773,"REGULAR AIR",13-01-2011,SHP_487
12773,"REGULAR AIR",20-01-2011,SHP_488
12773,"REGULAR AIR",16-01-2011,SHP_489
12934,"REGULAR AIR",06-03-2009,SHP_490
12934,"EXPRESS AIR",06-03-2009,SHP_491
13120,"REGULAR AIR",21-12-2009,SHP_492
13120,"REGULAR AIR",14-12-2009,SHP_493
13604,"REGULAR AIR",04-02-2009,SHP_494
13604,"REGULAR AIR",05-02-2009,SHP_495
13927,"EXPRESS AIR",02-09-2009,SHP_496
15044,"REGULAR AIR",10-03-2012,SHP_497
15139,"DELIVERY TRUCK",21-11-2009,SHP_498
15139,"DELIVERY TRUCK",19-11-2009,SHP_499
15463,"EXPRESS AIR",26-07-2010,SHP_500
15618,"REGULAR AIR",07-08-2010,SHP_501
15618,"REGULAR AIR",06-08-2010,SHP_502
16100,"REGULAR AIR",08-03-2011,SHP_503
16320,"REGULAR AIR",22-10-2011,SHP_504
16419,"REGULAR AIR",05-08-2009,SHP_505
17090,"DELIVERY TRUCK",30-04-2010,SHP_506
17090,"DELIVERY TRUCK",03-05-2010,SHP_507
17315,"REGULAR AIR",26-04-2009,SHP_508
17376,"REGULAR AIR",06-12-2011,SHP_509
18210,"REGULAR AIR",07-08-2010,SHP_510
18273,"REGULAR AIR",17-09-2011,SHP_511
18788,"REGULAR AIR",03-10-2009,SHP_512
19042,"REGULAR AIR",02-03-2009,SHP_513
19073,"REGULAR AIR",25-06-2009,SHP_514
19073,"EXPRESS AIR",26-06-2009,SHP_515
19365,"REGULAR AIR",17-01-2011,SHP_516
19617,"REGULAR AIR",22-01-2012,SHP_517
19617,"REGULAR AIR",20-01-2012,SHP_518
20033,"REGULAR AIR",23-05-2010,SHP_519
21223,"DELIVERY TRUCK",16-03-2012,SHP_520
21223,"REGULAR AIR",16-03-2012,SHP_521
21378,"REGULAR AIR",08-08-2011,SHP_522
21378,"REGULAR AIR",10-08-2011,SHP_523
21542,"REGULAR AIR",22-05-2011,SHP_524
21542,"DELIVERY TRUCK",22-05-2011,SHP_525
22656,"EXPRESS AIR",24-12-2010,SHP_526
22695,"REGULAR AIR",08-07-2009,SHP_527
23076,"REGULAR AIR",28-05-2009,SHP_528
24038,"EXPRESS AIR",22-06-2011,SHP_529
24067,"REGULAR AIR",23-08-2012,SHP_530
24067,"EXPRESS AIR",23-08-2012,SHP_531
24388,"DELIVERY TRUCK",27-01-2011,SHP_532
24451,"DELIVERY TRUCK",04-12-2012,SHP_533
24806,"REGULAR AIR",08-09-2010,SHP_534
24965,"EXPRESS AIR",03-04-2011,SHP_535
24965,"REGULAR AIR",29-03-2011,SHP_536
25154,"REGULAR AIR",21-08-2010,SHP_537
25315,"EXPRESS AIR",02-12-2010,SHP_538
25315,"REGULAR AIR",02-12-2010,SHP_539
25315,"DELIVERY TRUCK",04-12-2010,SHP_540
25376,"REGULAR AIR",27-03-2011,SHP_541
26240,"REGULAR AIR",22-12-2009,SHP_542
26240,"REGULAR AIR",20-12-2009,SHP_543
26791,"REGULAR AIR",06-05-2011,SHP_544
28836,"REGULAR AIR",25-10-2010,SHP_545
28836,"REGULAR AIR",26-10-2010,SHP_546
28995,"REGULAR AIR",13-05-2010,SHP_547
29121,"REGULAR AIR",13-04-2010,SHP_548
29319,"REGULAR AIR",26-01-2009,SHP_549
29319,"EXPRESS AIR",26-01-2009,SHP_550
29382,"REGULAR AIR",20-11-2010,SHP_551
29382,"EXPRESS AIR",19-11-2010,SHP_552
29445,"DELIVERY TRUCK",01-10-2010,SHP_553
29762,"REGULAR AIR",05-08-2010,SHP_554
30048,"DELIVERY TRUCK",15-06-2011,SHP_555
30243,"REGULAR AIR",07-05-2010,SHP_556
30372,"REGULAR AIR",01-09-2010,SHP_557
30499,"REGULAR AIR",01-11-2012,SHP_558
32199,"REGULAR AIR",16-07-2009,SHP_559
32199,"REGULAR AIR",17-07-2009,SHP_560
32327,"DELIVERY TRUCK",14-08-2012,SHP_561
32676,"REGULAR AIR",04-02-2009,SHP_562
32835,"REGULAR AIR",09-07-2012,SHP_563
32869,"REGULAR AIR",28-03-2009,SHP_564
33763,"REGULAR AIR",25-09-2010,SHP_565
34048,"REGULAR AIR",30-03-2011,SHP_566
34275,"REGULAR AIR",03-07-2009,SHP_567
34438,"REGULAR AIR",12-12-2010,SHP_568
34880,"REGULAR AIR",17-09-2009,SHP_569
34978,"REGULAR AIR",06-02-2011,SHP_570
35141,"REGULAR AIR",12-09-2010,SHP_571
35300,"REGULAR AIR",03-03-2010,SHP_572
35300,"REGULAR AIR",05-03-2010,SHP_573
35558,"REGULAR AIR",17-09-2009,SHP_574
36293,"REGULAR AIR",10-01-2011,SHP_575
36293,"EXPRESS AIR",14-01-2011,SHP_576
36516,"REGULAR AIR",28-07-2011,SHP_577
36677,"REGULAR AIR",25-12-2009,SHP_578
37185,"REGULAR AIR",01-11-2012,SHP_579
37888,"REGULAR AIR",24-12-2009,SHP_580
38310,"REGULAR AIR",17-04-2012,SHP_581
40327,"REGULAR AIR",15-05-2011,SHP_582
40480,"EXPRESS AIR",07-12-2011,SHP_583
40480,"REGULAR AIR",09-12-2011,SHP_584
40800,"REGULAR AIR",06-12-2010,SHP_585
40835,"REGULAR AIR",26-11-2009,SHP_586
40835,"REGULAR AIR",25-11-2009,SHP_587
40871,"REGULAR AIR",15-09-2011,SHP_588
40871,"DELIVERY TRUCK",15-09-2011,SHP_589
41570,"REGULAR AIR",05-12-2010,SHP_590
41991,"DELIVERY TRUCK",23-12-2011,SHP_591
41991,"REGULAR AIR",22-12-2011,SHP_592
42400,"REGULAR AIR",11-08-2012,SHP_593
42400,"REGULAR AIR",14-08-2012,SHP_594
42754,"REGULAR AIR",25-08-2010,SHP_595
42918,"REGULAR AIR",24-05-2011,SHP_596
42944,"DELIVERY TRUCK",19-11-2012,SHP_597
44037,"REGULAR AIR",30-06-2012,SHP_598
44387,"EXPRESS AIR",09-02-2009,SHP_599
44387,"REGULAR AIR",08-02-2009,SHP_600
44576,"DELIVERY TRUCK",26-12-2009,SHP_601
45601,"REGULAR AIR",28-09-2011,SHP_602
45606,"REGULAR AIR",24-09-2011,SHP_603
45606,"REGULAR AIR",23-09-2011,SHP_604
46119,"REGULAR AIR",17-02-2009,SHP_605
46119,"DELIVERY TRUCK",16-02-2009,SHP_606
46756,"REGULAR AIR",13-10-2009,SHP_607
47714,"REGULAR AIR",11-03-2011,SHP_608
47846,"REGULAR AIR",13-08-2012,SHP_609
47846,"REGULAR AIR",12-08-2012,SHP_610
47876,"REGULAR AIR",27-12-2009,SHP_611
48067,"EXPRESS AIR",01-07-2012,SHP_612
48067,"EXPRESS AIR",29-06-2012,SHP_613
48199,"REGULAR AIR",21-01-2009,SHP_614
49029,"EXPRESS AIR",22-05-2012,SHP_615
49216,"REGULAR AIR",19-03-2009,SHP_616
49216,"DELIVERY TRUCK",19-03-2009,SHP_617
49216,"EXPRESS AIR",20-03-2009,SHP_618
49990,"DELIVERY TRUCK",05-09-2009,SHP_619
50081,"DELIVERY TRUCK",04-11-2009,SHP_620
50404,"REGULAR AIR",27-03-2011,SHP_621
50404,"REGULAR AIR",28-03-2011,SHP_622
50784,"REGULAR AIR",11-02-2012,SHP_623
50850,"REGULAR AIR",08-05-2009,SHP_624
50850,"DELIVERY TRUCK",07-05-2009,SHP_625
51075,"EXPRESS AIR",25-11-2010,SHP_626
51461,"REGULAR AIR",12-02-2011,SHP_627
51558,"REGULAR AIR",29-03-2010,SHP_628
51558,"DELIVERY TRUCK",29-03-2010,SHP_629
52130,"REGULAR AIR",07-09-2012,SHP_630
52482,"EXPRESS AIR",31-01-2011,SHP_631
52482,"REGULAR AIR",02-02-2011,SHP_632
53410,"REGULAR AIR",09-08-2009,SHP_633
53477,"DELIVERY TRUCK",07-05-2012,SHP_634
53477,"DELIVERY TRUCK",06-05-2012,SHP_635
53477,"REGULAR AIR",07-05-2012,SHP_636
53508,"REGULAR AIR",12-11-2009,SHP_637
53508,"REGULAR AIR",10-11-2009,SHP_638
53703,"REGULAR AIR",15-06-2010,SHP_639
54115,"REGULAR AIR",12-01-2012,SHP_640
54437,"REGULAR AIR",19-12-2010,SHP_641
54501,"REGULAR AIR",30-11-2012,SHP_642
54501,"REGULAR AIR",01-12-2012,SHP_643
54753,"REGULAR AIR",19-04-2009,SHP_644
55138,"REGULAR AIR",25-09-2009,SHP_645
55271,"DELIVERY TRUCK",13-03-2011,SHP_646
55331,"REGULAR AIR",15-12-2010,SHP_647
55618,"REGULAR AIR",22-01-2012,SHP_648
56645,"REGULAR AIR",06-01-2012,SHP_649
56645,"DELIVERY TRUCK",08-01-2012,SHP_650
56803,"REGULAR AIR",10-12-2009,SHP_651
57159,"DELIVERY TRUCK",13-02-2010,SHP_652
57159,"REGULAR AIR",12-02-2010,SHP_653
57507,"REGULAR AIR",29-06-2009,SHP_654
57922,"REGULAR AIR",08-02-2011,SHP_655
58117,"REGULAR AIR",21-02-2011,SHP_656
58278,"REGULAR AIR",12-09-2012,SHP_657
58278,"REGULAR AIR",13-09-2012,SHP_658
58502,"DELIVERY TRUCK",14-02-2010,SHP_659
58788,"REGULAR AIR",03-02-2010,SHP_660
58947,"REGULAR AIR",26-09-2011,SHP_661
58947,"REGULAR AIR",27-09-2011,SHP_662
59074,"REGULAR AIR",14-08-2010,SHP_663
59233,"DELIVERY TRUCK",22-08-2010,SHP_664
59233,"EXPRESS AIR",20-08-2010,SHP_665
59425,"REGULAR AIR",19-05-2012,SHP_666
59425,"REGULAR AIR",20-05-2012,SHP_667
59750,"REGULAR AIR",13-07-2010,SHP_668
35,"REGULAR AIR",23-10-2011,SHP_669
35,"REGULAR AIR",24-10-2011,SHP_670
294,"REGULAR AIR",16-07-2010,SHP_671
450,"EXPRESS AIR",05-03-2011,SHP_672
450,"REGULAR AIR",06-03-2011,SHP_673
1028,"REGULAR AIR",06-01-2009,SHP_674
1028,"REGULAR AIR",07-01-2009,SHP_675
1314,"REGULAR AIR",14-05-2009,SHP_676
2279,"DELIVERY TRUCK",23-02-2010,SHP_677
2279,"REGULAR AIR",24-02-2010,SHP_678
2465,"REGULAR AIR",25-06-2011,SHP_679
2530,"REGULAR AIR",22-03-2009,SHP_680
2883,"REGULAR AIR",24-01-2011,SHP_681
3362,"REGULAR AIR",01-08-2011,SHP_682
3362,"REGULAR AIR",06-08-2011,SHP_683
5318,"REGULAR AIR",05-04-2010,SHP_684
5318,"EXPRESS AIR",04-04-2010,SHP_685
5988,"EXPRESS AIR",22-11-2010,SHP_686
6115,"REGULAR AIR",12-09-2010,SHP_687
6337,"REGULAR AIR",02-09-2011,SHP_688
6337,"DELIVERY TRUCK",01-09-2011,SHP_689
6434,"REGULAR AIR",07-06-2009,SHP_690
7136,"REGULAR AIR",24-03-2009,SHP_691
7489,"DELIVERY TRUCK",03-10-2010,SHP_692
7968,"DELIVERY TRUCK",15-09-2010,SHP_693
8227,"EXPRESS AIR",11-01-2010,SHP_694
9123,"EXPRESS AIR",27-06-2010,SHP_695
9792,"REGULAR AIR",23-07-2011,SHP_696
9860,"REGULAR AIR",11-10-2010,SHP_697
10310,"REGULAR AIR",09-02-2009,SHP_698
10310,"REGULAR AIR",12-02-2009,SHP_699
10369,"REGULAR AIR",11-11-2011,SHP_700
10369,"REGULAR AIR",14-11-2011,SHP_701
10692,"REGULAR AIR",28-07-2009,SHP_702
10692,"REGULAR AIR",30-07-2009,SHP_703
10692,"REGULAR AIR",26-07-2009,SHP_704
11553,"EXPRESS AIR",19-04-2009,SHP_705
11553,"DELIVERY TRUCK",21-04-2009,SHP_706
11553,"REGULAR AIR",20-04-2009,SHP_707
11776,"EXPRESS AIR",24-02-2012,SHP_708
11782,"REGULAR AIR",02-08-2012,SHP_709
11782,"REGULAR AIR",04-08-2012,SHP_710
12199,"REGULAR AIR",19-12-2011,SHP_711
12199,"REGULAR AIR",18-12-2011,SHP_712
14275,"REGULAR AIR",15-06-2010,SHP_713
14275,"DELIVERY TRUCK",15-06-2010,SHP_714
14535,"REGULAR AIR",02-10-2010,SHP_715
15329,"EXPRESS AIR",27-04-2012,SHP_716
15621,"EXPRESS AIR",25-09-2011,SHP_717
15621,"REGULAR AIR",24-09-2011,SHP_718
17826,"REGULAR AIR",01-07-2012,SHP_719
17926,"REGULAR AIR",12-11-2011,SHP_720
18247,"REGULAR AIR",06-11-2009,SHP_721
18471,"REGULAR AIR",20-02-2009,SHP_722
19813,"REGULAR AIR",03-03-2010,SHP_723
20322,"REGULAR AIR",30-06-2009,SHP_724
20322,"DELIVERY TRUCK",28-06-2009,SHP_725
20322,"REGULAR AIR",28-06-2009,SHP_726
20422,"REGULAR AIR",27-01-2009,SHP_727
20448,"EXPRESS AIR",03-08-2011,SHP_728
21892,"REGULAR AIR",06-07-2010,SHP_729
22980,"REGULAR AIR",02-10-2012,SHP_730
23907,"REGULAR AIR",14-07-2011,SHP_731
24064,"DELIVERY TRUCK",28-07-2010,SHP_732
24132,"REGULAR AIR",11-07-2009,SHP_733
24132,"REGULAR AIR",06-07-2009,SHP_734
24132,"REGULAR AIR",13-07-2009,SHP_735
24132,"REGULAR AIR",15-07-2009,SHP_736
24576,"REGULAR AIR",13-12-2012,SHP_737
25248,"EXPRESS AIR",03-12-2011,SHP_738
25248,"REGULAR AIR",02-12-2011,SHP_739
25475,"REGULAR AIR",04-04-2009,SHP_740
26978,"REGULAR AIR",26-06-2010,SHP_741
27105,"REGULAR AIR",17-02-2011,SHP_742
28068,"REGULAR AIR",28-08-2010,SHP_743
28802,"EXPRESS AIR",06-11-2010,SHP_744
28802,"EXPRESS AIR",07-11-2010,SHP_745
28802,"REGULAR AIR",06-11-2010,SHP_746
28839,"EXPRESS AIR",30-04-2009,SHP_747
29252,"REGULAR AIR",10-08-2009,SHP_748
31941,"EXPRESS AIR",19-03-2009,SHP_749
31941,"REGULAR AIR",20-03-2009,SHP_750
32418,"DELIVERY TRUCK",06-01-2009,SHP_751
34241,"REGULAR AIR",08-10-2012,SHP_752
34816,"REGULAR AIR",05-11-2010,SHP_753
34816,"REGULAR AIR",07-11-2010,SHP_754
35011,"REGULAR AIR",12-12-2012,SHP_755
36068,"DELIVERY TRUCK",06-02-2009,SHP_756
36930,"REGULAR AIR",30-09-2011,SHP_757
37315,"REGULAR AIR",12-06-2012,SHP_758
37315,"EXPRESS AIR",12-06-2012,SHP_759
37925,"DELIVERY TRUCK",27-09-2010,SHP_760
37925,"REGULAR AIR",27-09-2010,SHP_761
38021,"REGULAR AIR",23-01-2009,SHP_762
38336,"REGULAR AIR",06-10-2012,SHP_763
38565,"EXPRESS AIR",27-03-2009,SHP_764
39783,"REGULAR AIR",22-09-2012,SHP_765
39783,"REGULAR AIR",21-09-2012,SHP_766
42500,"REGULAR AIR",07-02-2010,SHP_767
44162,"REGULAR AIR",20-03-2010,SHP_768
44256,"REGULAR AIR",28-11-2011,SHP_769
44256,"REGULAR AIR",24-11-2011,SHP_770
44256,"EXPRESS AIR",26-11-2011,SHP_771
44320,"REGULAR AIR",30-04-2009,SHP_772
45377,"REGULAR AIR",05-04-2011,SHP_773
47367,"REGULAR AIR",16-04-2011,SHP_774
47367,"REGULAR AIR",17-04-2011,SHP_775
47750,"REGULAR AIR",20-06-2010,SHP_776
48388,"REGULAR AIR",11-08-2009,SHP_777
49059,"REGULAR AIR",22-09-2009,SHP_778
49059,"REGULAR AIR",21-09-2009,SHP_779
49510,"REGULAR AIR",21-03-2012,SHP_780
49634,"REGULAR AIR",25-03-2012,SHP_781
50210,"REGULAR AIR",24-07-2010,SHP_782
50210,"REGULAR AIR",28-07-2010,SHP_783
50503,"REGULAR AIR",23-11-2012,SHP_784
50816,"REGULAR AIR",29-03-2009,SHP_785
51073,"EXPRESS AIR",16-05-2010,SHP_786
51073,"REGULAR AIR",15-05-2010,SHP_787
51584,"DELIVERY TRUCK",18-10-2010,SHP_788
51879,"REGULAR AIR",26-08-2010,SHP_789
51879,"REGULAR AIR",25-08-2010,SHP_790
52288,"REGULAR AIR",11-08-2011,SHP_791
53190,"REGULAR AIR",27-09-2009,SHP_792
53190,"REGULAR AIR",25-09-2009,SHP_793
53536,"REGULAR AIR",01-11-2012,SHP_794
53536,"DELIVERY TRUCK",01-11-2012,SHP_795
53572,"REGULAR AIR",08-05-2010,SHP_796
53825,"REGULAR AIR",11-04-2011,SHP_797
53863,"EXPRESS AIR",06-06-2010,SHP_798
54119,"EXPRESS AIR",23-05-2010,SHP_799
54119,"REGULAR AIR",25-05-2010,SHP_800
56224,"REGULAR AIR",27-10-2012,SHP_801
56224,"DELIVERY TRUCK",26-10-2012,SHP_802
56224,"REGULAR AIR",25-10-2012,SHP_803
56293,"REGULAR AIR",05-01-2010,SHP_804
56293,"REGULAR AIR",06-01-2010,SHP_805
57959,"REGULAR AIR",31-12-2011,SHP_806
57959,"EXPRESS AIR",31-12-2011,SHP_807
58500,"REGULAR AIR",14-02-2011,SHP_808
59584,"DELIVERY TRUCK",29-05-2010,SHP_809
59584,"REGULAR AIR",28-05-2010,SHP_810
261,"REGULAR AIR",29-06-2010,SHP_811
928,"EXPRESS AIR",06-03-2011,SHP_812
928,"EXPRESS AIR",03-03-2011,SHP_813
1282,"REGULAR AIR",29-02-2012,SHP_814
1856,"REGULAR AIR",21-03-2012,SHP_815
1856,"REGULAR AIR",20-03-2012,SHP_816
1925,"REGULAR AIR",05-03-2012,SHP_817
2848,"EXPRESS AIR",11-03-2012,SHP_818
2848,"REGULAR AIR",11-03-2012,SHP_819
5504,"EXPRESS AIR",07-01-2010,SHP_820
5504,"REGULAR AIR",07-01-2010,SHP_821
8390,"REGULAR AIR",21-04-2012,SHP_822
8545,"REGULAR AIR",21-06-2009,SHP_823
8545,"DELIVERY TRUCK",21-06-2009,SHP_824
9573,"REGULAR AIR",14-06-2012,SHP_825
9892,"REGULAR AIR",17-07-2012,SHP_826
10048,"REGULAR AIR",18-05-2009,SHP_827
10048,"REGULAR AIR",17-05-2009,SHP_828
10144,"DELIVERY TRUCK",04-01-2011,SHP_829
10144,"DELIVERY TRUCK",02-01-2011,SHP_830
10432,"REGULAR AIR",12-01-2012,SHP_831
10661,"REGULAR AIR",24-01-2009,SHP_832
12806,"REGULAR AIR",25-12-2011,SHP_833
13158,"REGULAR AIR",22-11-2012,SHP_834
13507,"REGULAR AIR",30-12-2012,SHP_835
14375,"REGULAR AIR",01-02-2010,SHP_836
14627,"REGULAR AIR",05-02-2009,SHP_837
14852,"EXPRESS AIR",24-12-2011,SHP_838
16230,"REGULAR AIR",01-03-2010,SHP_839
16230,"DELIVERY TRUCK",01-03-2010,SHP_840
16230,"REGULAR AIR",06-03-2010,SHP_841
16230,"REGULAR AIR",04-03-2010,SHP_842
19074,"DELIVERY TRUCK",27-06-2012,SHP_843
20194,"REGULAR AIR",15-03-2012,SHP_844
21024,"REGULAR AIR",30-12-2010,SHP_845
21509,"REGULAR AIR",05-07-2012,SHP_846
21856,"REGULAR AIR",07-04-2012,SHP_847
21856,"REGULAR AIR",05-04-2012,SHP_848
22119,"REGULAR AIR",29-07-2009,SHP_849
22534,"REGULAR AIR",20-07-2011,SHP_850
22629,"REGULAR AIR",20-04-2010,SHP_851
23011,"REGULAR AIR",22-06-2010,SHP_852
24070,"REGULAR AIR",16-03-2011,SHP_853
24070,"EXPRESS AIR",16-03-2011,SHP_854
24737,"DELIVERY TRUCK",09-12-2009,SHP_855
24737,"REGULAR AIR",07-12-2009,SHP_856
26373,"REGULAR AIR",25-07-2010,SHP_857
26978,"REGULAR AIR",27-06-2010,SHP_858
26978,"EXPRESS AIR",27-06-2010,SHP_859
27174,"REGULAR AIR",10-10-2011,SHP_860
27876,"REGULAR AIR",14-09-2010,SHP_861
28582,"EXPRESS AIR",23-01-2012,SHP_862
28582,"REGULAR AIR",23-01-2012,SHP_863
28868,"REGULAR AIR",06-04-2012,SHP_864
29857,"DELIVERY TRUCK",14-12-2009,SHP_865
29921,"REGULAR AIR",25-03-2012,SHP_866
30659,"REGULAR AIR",15-09-2011,SHP_867
30660,"REGULAR AIR",08-09-2012,SHP_868
30883,"REGULAR AIR",22-08-2010,SHP_869
32871,"EXPRESS AIR",29-10-2012,SHP_870
33600,"REGULAR AIR",08-10-2010,SHP_871
33632,"REGULAR AIR",14-03-2010,SHP_872
33665,"DELIVERY TRUCK",30-05-2011,SHP_873
34434,"REGULAR AIR",10-05-2011,SHP_874
34434,"REGULAR AIR",11-05-2011,SHP_875
34753,"REGULAR AIR",20-01-2010,SHP_876
35364,"REGULAR AIR",14-12-2009,SHP_877
35364,"DELIVERY TRUCK",14-12-2009,SHP_878
35364,"DELIVERY TRUCK",13-12-2009,SHP_879
35812,"DELIVERY TRUCK",24-01-2010,SHP_880
35812,"REGULAR AIR",24-01-2010,SHP_881
37063,"REGULAR AIR",10-12-2012,SHP_882
37281,"REGULAR AIR",29-08-2009,SHP_883
37798,"DELIVERY TRUCK",04-11-2012,SHP_884
38017,"REGULAR AIR",24-07-2010,SHP_885
38017,"REGULAR AIR",27-07-2010,SHP_886
38272,"REGULAR AIR",17-11-2011,SHP_887
39301,"EXPRESS AIR",23-03-2009,SHP_888
39367,"REGULAR AIR",07-08-2009,SHP_889
39367,"REGULAR AIR",08-08-2009,SHP_890
39655,"REGULAR AIR",23-03-2012,SHP_891
40803,"REGULAR AIR",18-04-2011,SHP_892
40803,"DELIVERY TRUCK",15-04-2011,SHP_893
40806,"REGULAR AIR",07-09-2011,SHP_894
43523,"REGULAR AIR",25-05-2012,SHP_895
44199,"REGULAR AIR",08-03-2012,SHP_896
44231,"DELIVERY TRUCK",05-11-2009,SHP_897
44231,"REGULAR AIR",05-11-2009,SHP_898
44231,"REGULAR AIR",04-11-2009,SHP_899
45573,"DELIVERY TRUCK",14-08-2009,SHP_900
45763,"REGULAR AIR",08-07-2010,SHP_901
48165,"REGULAR AIR",07-11-2010,SHP_902
48197,"REGULAR AIR",07-05-2012,SHP_903
48484,"REGULAR AIR",24-06-2010,SHP_904
48484,"EXPRESS AIR",24-06-2010,SHP_905
48484,"REGULAR AIR",25-06-2010,SHP_906
49153,"DELIVERY TRUCK",28-07-2012,SHP_907
49412,"DELIVERY TRUCK",07-03-2009,SHP_908
49761,"REGULAR AIR",25-01-2011,SHP_909
50310,"EXPRESS AIR",17-08-2009,SHP_910
50310,"DELIVERY TRUCK",18-08-2009,SHP_911
50310,"REGULAR AIR",17-08-2009,SHP_912
51072,"REGULAR AIR",04-10-2009,SHP_913
51648,"REGULAR AIR",08-01-2012,SHP_914
51648,"REGULAR AIR",06-01-2012,SHP_915
52035,"REGULAR AIR",30-11-2009,SHP_916
52326,"REGULAR AIR",08-08-2010,SHP_917
52737,"EXPRESS AIR",09-11-2010,SHP_918
53216,"REGULAR AIR",07-12-2012,SHP_919
54081,"REGULAR AIR",12-03-2011,SHP_920
54560,"REGULAR AIR",19-07-2009,SHP_921
54560,"EXPRESS AIR",18-07-2009,SHP_922
54947,"REGULAR AIR",23-02-2009,SHP_923
54947,"REGULAR AIR",24-02-2009,SHP_924
55170,"EXPRESS AIR",23-09-2012,SHP_925
55777,"REGULAR AIR",11-11-2012,SHP_926
55777,"EXPRESS AIR",12-11-2012,SHP_927
56001,"EXPRESS AIR",16-04-2010,SHP_928
56640,"REGULAR AIR",26-08-2011,SHP_929
59393,"REGULAR AIR",21-11-2010,SHP_930
59712,"EXPRESS AIR",17-06-2010,SHP_931
59905,"REGULAR AIR",16-04-2012,SHP_932
59905,"EXPRESS AIR",15-04-2012,SHP_933
322,"REGULAR AIR",20-03-2012,SHP_934
962,"REGULAR AIR",07-05-2009,SHP_935
962,"DELIVERY TRUCK",07-05-2009,SHP_936
1221,"REGULAR AIR",18-04-2012,SHP_937
1221,"REGULAR AIR",20-04-2012,SHP_938
1445,"REGULAR AIR",12-01-2011,SHP_939
1445,"REGULAR AIR",11-01-2011,SHP_940
1799,"DELIVERY TRUCK",08-03-2009,SHP_941
1799,"REGULAR AIR",08-03-2009,SHP_942
2720,"EXPRESS AIR",10-06-2010,SHP_943
3685,"REGULAR AIR",17-01-2012,SHP_944
3687,"REGULAR AIR",02-02-2010,SHP_945
3907,"REGULAR AIR",18-08-2012,SHP_946
4067,"REGULAR AIR",08-10-2012,SHP_947
4257,"REGULAR AIR",26-03-2011,SHP_948
4261,"DELIVERY TRUCK",03-10-2012,SHP_949
4261,"REGULAR AIR",04-10-2012,SHP_950
4294,"REGULAR AIR",16-08-2012,SHP_951
4642,"REGULAR AIR",27-02-2011,SHP_952
4642,"EXPRESS AIR",26-02-2011,SHP_953
4864,"REGULAR AIR",14-11-2012,SHP_954
4996,"REGULAR AIR",14-09-2012,SHP_955
5121,"REGULAR AIR",11-05-2012,SHP_956
5346,"REGULAR AIR",26-12-2010,SHP_957
5346,"DELIVERY TRUCK",27-12-2010,SHP_958
5473,"REGULAR AIR",26-03-2012,SHP_959
5698,"REGULAR AIR",21-05-2009,SHP_960
6144,"REGULAR AIR",24-06-2009,SHP_961
6144,"DELIVERY TRUCK",22-06-2009,SHP_962
6374,"EXPRESS AIR",08-08-2011,SHP_963
6374,"REGULAR AIR",09-08-2011,SHP_964
7169,"REGULAR AIR",28-03-2010,SHP_965
7427,"REGULAR AIR",15-12-2012,SHP_966
7427,"REGULAR AIR",16-12-2012,SHP_967
8229,"DELIVERY TRUCK",09-12-2009,SHP_968
8229,"REGULAR AIR",09-12-2009,SHP_969
8290,"REGULAR AIR",11-12-2009,SHP_970
8515,"REGULAR AIR",22-12-2010,SHP_971
8801,"EXPRESS AIR",15-08-2012,SHP_972
8801,"EXPRESS AIR",12-08-2012,SHP_973
8992,"REGULAR AIR",13-11-2010,SHP_974
8992,"REGULAR AIR",14-11-2010,SHP_975
9409,"REGULAR AIR",07-05-2012,SHP_976
10306,"REGULAR AIR",21-07-2010,SHP_977
10470,"REGULAR AIR",09-05-2012,SHP_978
10819,"REGULAR AIR",24-08-2010,SHP_979
10916,"REGULAR AIR",10-03-2011,SHP_980
10944,"REGULAR AIR",14-11-2011,SHP_981
11301,"REGULAR AIR",22-03-2012,SHP_982
11332,"REGULAR AIR",20-11-2009,SHP_983
11332,"EXPRESS AIR",23-11-2009,SHP_984
11392,"REGULAR AIR",07-09-2009,SHP_985
11745,"REGULAR AIR",20-07-2012,SHP_986
11875,"REGULAR AIR",21-08-2012,SHP_987
11907,"DELIVERY TRUCK",23-08-2010,SHP_988
12129,"DELIVERY TRUCK",28-12-2012,SHP_989
12579,"REGULAR AIR",16-06-2011,SHP_990
12743,"REGULAR AIR",25-06-2010,SHP_991
12902,"REGULAR AIR",31-10-2010,SHP_992
13380,"REGULAR AIR",15-07-2009,SHP_993
13606,"REGULAR AIR",28-04-2009,SHP_994
13889,"DELIVERY TRUCK",05-09-2011,SHP_995
13984,"REGULAR AIR",24-09-2012,SHP_996
13986,"REGULAR AIR",14-10-2011,SHP_997
14240,"REGULAR AIR",18-02-2012,SHP_998
14276,"REGULAR AIR",19-06-2009,SHP_999
14471,"REGULAR AIR",26-05-2011,SHP_1000
